,variancia_ao_quadrado,curtose,beta,alfa,beta_calc
0,21101444.998938695,3.809948229481063,-1.8512974612754474,1.367474022680918,1.7349480453618362
